{"_id":"01ace4015e03b8d80726594a1b3af8fd","sku_base_id":5.0,"sku_count":0.0,"all_price":103.0,"sku_detail":{"sku_base_id":5.0,"image":[{"url":"https://6772-grabstrawberry-dev-b95ff8-1256487689.tcb.qcloud.la/images/product/满杯西柚.jpg?sign=19c8b3b139a06e06a906cb8c5cacd058\u0026t=1555140608"}],"is_sold_out":0.0,"name":"满杯红西柚","price":19.0,"sku_base_desc":"选用以色列进口红西柚，果肉饱满，茶底洋溢茉莉花香，沙冰降低了西柚的苦涩感，更突显茶味（纯鲜果制作，绝不添加任何果汁果酱）"},"is_chosen":1.0,"isTouchMove":0.0,"_openid":"o_DY65E8aZ2TeDtbmWCgbTS4EMIw"}
{"_id":"01ace4015e03c4720726de794d1dbcfe","_openid":"o_DY65E8aZ2TeDtbmWCgbTS4EMIw","sku_base_id":1.0,"sku_count":0.0,"all_price":54.0,"sku_detail":{"is_sold_out":0.0,"name":"芝士莓莓","price":27.0,"sku_base_desc":"颗颗精选优质自然熟草莓，高品质出品！","sku_base_id":1.0,"image":[{"url":"https://6772-grabstrawberry-dev-b95ff8-1256487689.tcb.qcloud.la/images/product/1.jpg?sign=392044df07f9164647c7c19eb6db427f\u0026t=1555140102"}]},"is_chosen":1.0,"isTouchMove":0.0}
{"_id":"01ace4015e03c4750726df673f3a67e0","sku_count":0.0,"all_price":19.0,"sku_detail":{"is_sold_out":0.0,"name":"霸气橙子","price":19.0,"sku_base_desc":"三个澳洲脐橙在杯里，三个澳洲脐橙吃果肉!","sku_base_id":4.0,"image":[{"url":"https://6772-grabstrawberry-dev-b95ff8-1256487689.tcb.qcloud.la/images/product/4.jpg?sign=31e62a8ae385d3128f799392e14323f7\u0026t=1555140510"}]},"is_chosen":1.0,"isTouchMove":0.0,"_openid":"o_DY65E8aZ2TeDtbmWCgbTS4EMIw","sku_base_id":4.0}
{"_id":"72527ac65dedbf63019462bf6add8708","isTouchMove":0.0,"_openid":"o_DY65P2NsAkcavuhVA-p7EjJCuA","sku_base_id":1.0,"sku_count":0.0,"all_price":27.0,"sku_detail":{"name":"芝士莓莓","price":27.0,"sku_base_desc":"颗颗精选优质自然熟草莓，高品质出品！","sku_base_id":1.0,"image":[{"url":"https://6772-grabstrawberry-dev-b95ff8-1256487689.tcb.qcloud.la/images/product/1.jpg?sign=392044df07f9164647c7c19eb6db427f\u0026t=1555140102"}],"is_sold_out":0.0},"is_chosen":1.0}
{"_id":"7799745c5e03c474072657217146d5e2","sku_detail":{"name":"芝士多肉葡萄","price":27.0,"sku_base_desc":"颗颗手剥巨峰葡萄果肉，去皮去籽，纯粹无杂质，搭配绿妍茶底，清香四溢。纯葡萄果肉制作，绝不添加任何果汁、果酱、葡萄罐头等。一口果茶，一口大果肉，超棒！主要原料: 葡萄","sku_base_id":3.0,"image":[{"url":"https://6772-grabstrawberry-dev-b95ff8-1256487689.tcb.qcloud.la/images/product/3.jpg?sign=8cfac13066683ad6caafe3f921ec084b\u0026t=1555140446"}],"is_sold_out":0.0},"is_chosen":1.0,"isTouchMove":0.0,"_openid":"o_DY65E8aZ2TeDtbmWCgbTS4EMIw","sku_base_id":3.0,"sku_count":0.0,"all_price":27.0}
{"_id":"7799745c5e03c47f072658831d0351cc","sku_count":0.0,"all_price":22.0,"sku_detail":{"price":22.0,"sku_base_desc":"当illy遇到奶茶的香滑","sku_base_id":17.0,"image":[{"url":"https://6772-grabstrawberry-dev-b95ff8-1256487689.tcb.qcloud.la/images/product/古琢鸳鸯.jpg?sign=8808955441c94c11c41ef50aafe1f778\u0026t=1555166055"}],"is_sold_out":0.0,"name":"古琢鸳鸯"},"is_chosen":1.0,"isTouchMove":0.0,"_openid":"o_DY65E8aZ2TeDtbmWCgbTS4EMIw","sku_base_id":17.0}
{"_id":"dbff9fc75e03b94207274b136243734e","isTouchMove":0.0,"_openid":"o_DY65E8aZ2TeDtbmWCgbTS4EMIw","sku_base_id":2.0,"sku_count":0.0,"all_price":54.0,"sku_detail":{"is_sold_out":0.0,"name":"霸气多肉葡萄","price":27.0,"sku_base_desc":"颗颗手剥巨峰葡萄果肉，去皮去籽，纯粹无杂质，搭配绿妍茶底，清香四溢。纯葡萄果肉制作，绝不添加任何果汁、果酱、葡萄罐头等。一口果茶，一口大果肉，超棒！","sku_base_id":2.0,"image":[{"url":"https://6772-grabstrawberry-dev-b95ff8-1256487689.tcb.qcloud.la/images/product/2.jpg?sign=6bf2cad148e4b79d8abbabf6103f869a\u0026t=1555140268"}]},"is_chosen":false}
{"_id":"dbff9fc75e03c47d0727ce6e41c49c33","sku_detail":{"sku_base_desc":"抓住草莓的海苔肉松小贝，好吃健康！特别放心！一盒4个","sku_base_id":7.0,"image":[{"url":"https://6772-grabstrawberry-dev-b95ff8-1256487689.tcb.qcloud.la/images/product/拿铁.jpg?sign=ae8ff23a30d321e29d8ba9a10adc76dd\u0026t=1555140785"}],"is_sold_out":0.0,"name":"海苔肉松小贝","price":24.0},"is_chosen":1.0,"isTouchMove":0.0,"_openid":"o_DY65E8aZ2TeDtbmWCgbTS4EMIw","sku_base_id":7.0,"sku_count":0.0,"all_price":24.0}
{"_id":"e8f863ba5e03c47b0727c31621d08bb8","sku_detail":{"sku_base_id":6.0,"image":[{"url":"https://6772-grabstrawberry-dev-b95ff8-1256487689.tcb.qcloud.la/images/product/拿铁.jpg?sign=ae8ff23a30d321e29d8ba9a10adc76dd\u0026t=1555140785"}],"is_sold_out":0.0,"name":"热拿铁","price":25.0,"sku_base_desc":"感受来自亚平宁半岛的每一口醇香"},"is_chosen":1.0,"isTouchMove":0.0,"_openid":"o_DY65E8aZ2TeDtbmWCgbTS4EMIw","sku_base_id":6.0,"sku_count":0.0,"all_price":25.0}
