{"_id":"01ace4015e0362c5071715404a723df3","status":0.0,"isMove":0.0,"remark":"","count":1.0,"skulist":{"sku_base_desc":"感受来自亚平宁半岛的每一口醇香","sku_base_id":6.0,"image":[{"url":"https://6772-grabstrawberry-dev-b95ff8-1256487689.tcb.qcloud.la/images/product/拿铁.jpg?sign=ae8ff23a30d321e29d8ba9a10adc76dd\u0026t=1555140785"}],"is_sold_out":0.0,"name":"热拿铁","price":25.0},"_openid":"o_DY65E8aZ2TeDtbmWCgbTS4EMIw","orderNo":"1577280196301","all_price":25.0,"create_time":"2019-12-25 21:23:16"}
{"_id":"57896b495cf61f060b6b531f3aa5fe62","remark":"","create_time":"2019-06-04 15:34:30","count":1.0,"all_price":27.0,"skulist":{"sku_base_id":2.0,"image":[{"url":"https://6772-grabstrawberry-dev-b95ff8-1256487689.tcb.qcloud.la/images/product/2.jpg?sign=6bf2cad148e4b79d8abbabf6103f869a\u0026t=1555140268"}],"is_sold_out":0.0,"name":"霸气多肉葡萄","price":27.0,"sku_base_desc":"颗颗手剥巨峰葡萄果肉，去皮去籽，纯粹无杂质，搭配绿妍茶底，清香四溢。纯葡萄果肉制作，绝不添加任何果汁、果酱、葡萄罐头等。一口果茶，一口大果肉，超棒！"},"orderNo":"1559633670155","status":0.0,"_openid":"o_DY65E8aZ2TeDtbmWCgbTS4EMIw","isMove":0.0}
{"_id":"6cd397ca5cf4c1660adc84cb2db3712c","skulist":{"price":19.0,"sku_base_desc":"选用以色列进口红西柚，果肉饱满，茶底洋溢茉莉花香，沙冰降低了西柚的苦涩感，更突显茶味（纯鲜果制作，绝不添加任何果汁果酱）","sku_base_id":5.0,"image":[{"url":"https://6772-grabstrawberry-dev-b95ff8-1256487689.tcb.qcloud.la/images/product/满杯西柚.jpg?sign=19c8b3b139a06e06a906cb8c5cacd058\u0026t=1555140608"}],"is_sold_out":0.0,"name":"满杯红西柚"},"_openid":"o_DY65E8aZ2TeDtbmWCgbTS4EMIw","all_price":76.0,"remark":"","isMove":0.0,"create_time":"2019-06-03 14:42:46","count":4.0,"orderNo":"1559544166423","status":0.0}
{"_id":"7799745c5e035ff6071568b90e1ee1bf","remark":"","status":0.0,"orderNo":"1577279476776","isMove":0.0,"create_time":"2019-12-25 21:11:16","count":1.0,"all_price":27.0,"_openid":"o_DY65E8aZ2TeDtbmWCgbTS4EMIw","skulist":{"image":[{"url":"https://6772-grabstrawberry-dev-b95ff8-1256487689.tcb.qcloud.la/images/product/3.jpg?sign=8cfac13066683ad6caafe3f921ec084b\u0026t=1555140446"}],"is_sold_out":0.0,"name":"芝士多肉葡萄","price":27.0,"sku_base_desc":"颗颗手剥巨峰葡萄果肉，去皮去籽，纯粹无杂质，搭配绿妍茶底，清香四溢。纯葡萄果肉制作，绝不添加任何果汁、果酱、葡萄罐头等。一口果茶，一口大果肉，超棒！主要原料: 葡萄","sku_base_id":3.0}}
{"_id":"c0a3987b5cf3f0c80a9fbb4c22237b82","all_price":27.0,"count":1.0,"orderNo":"1559490760528","remark":"","status":2.0,"_openid":"o_DY65E8aZ2TeDtbmWCgbTS4EMIw","create_time":"2019-06-02 23:52:40","isMove":0.0,"skulist":{"sku_base_id":1.0,"image":[{"url":"https://6772-grabstrawberry-dev-b95ff8-1256487689.tcb.qcloud.la/images/product/1.jpg?sign=392044df07f9164647c7c19eb6db427f\u0026t=1555140102"}],"is_sold_out":0.0,"name":"芝士莓莓","price":27.0,"sku_base_desc":"颗颗精选优质自然熟草莓，高品质出品！"}}
{"_id":"dbff9fc75e0359a10714440d43139ed6","all_price":27.0,"remark":"","_openid":"o_DY65E8aZ2TeDtbmWCgbTS4EMIw","status":0.0,"skulist":{"price":27.0,"sku_base_desc":"颗颗手剥巨峰葡萄果肉，去皮去籽，纯粹无杂质，搭配绿妍茶底，清香四溢。纯葡萄果肉制作，绝不添加任何果汁、果酱、葡萄罐头等。一口果茶，一口大果肉，超棒！主要原料: 葡萄","sku_base_id":3.0,"image":[{"url":"https://6772-grabstrawberry-dev-b95ff8-1256487689.tcb.qcloud.la/images/product/3.jpg?sign=8cfac13066683ad6caafe3f921ec084b\u0026t=1555140446"}],"is_sold_out":0.0,"name":"芝士多肉葡萄"},"orderNo":"1577277856459","isMove":0.0,"create_time":"2019-12-25 20:44:16","count":1.0}
{"_id":"dbff9fc75e0359ba07144e267196b7ba","skulist":{"name":"芝士多肉葡萄","price":27.0,"sku_base_desc":"颗颗手剥巨峰葡萄果肉，去皮去籽，纯粹无杂质，搭配绿妍茶底，清香四溢。纯葡萄果肉制作，绝不添加任何果汁、果酱、葡萄罐头等。一口果茶，一口大果肉，超棒！主要原料: 葡萄","sku_base_id":3.0,"image":[{"url":"https://6772-grabstrawberry-dev-b95ff8-1256487689.tcb.qcloud.la/images/product/3.jpg?sign=8cfac13066683ad6caafe3f921ec084b\u0026t=1555140446"}],"is_sold_out":0.0},"remark":"","create_time":"2019-12-25 20:44:40","status":0.0,"count":1.0,"all_price":27.0,"orderNo":"1577277880984","_openid":"o_DY65E8aZ2TeDtbmWCgbTS4EMIw","isMove":0.0}
{"_id":"dbff9fc75e035f6b0716a9263b890fe4","orderNo":"1577279338144","status":1.0,"remark":"","skulist":{"is_sold_out":0.0,"name":"芝士莓莓","price":27.0,"sku_base_desc":"颗颗精选优质自然熟草莓，高品质出品！","sku_base_id":1.0,"image":[{"url":"https://6772-grabstrawberry-dev-b95ff8-1256487689.tcb.qcloud.la/images/product/1.jpg?sign=392044df07f9164647c7c19eb6db427f\u0026t=1555140102"}]},"_openid":"o_DY65E8aZ2TeDtbmWCgbTS4EMIw","isMove":0.0,"count":1.0,"all_price":27.0,"create_time":"2019-12-25 21:08:58"}
{"_id":"e8f863ba5e0360360716f1a45ff55055","status":0.0,"remark":"","orderNo":"1577279541457","create_time":"2019-12-25 21:12:21","count":1.0,"isMove":0.0,"skulist":{"name":"百香芝士芒芒","price":27.0,"sku_base_desc":"精选台芒搭配茉莉绿妍茶底，加入新鲜海南优级百香果，好喝！很好喝！","sku_base_id":7.0,"image":[{"url":"https://6772-grabstrawberry-dev-b95ff8-1256487689.tcb.qcloud.la/images/product/百香芝士芒芒.jpg?sign=84e47f93a2b3d5cec52fdfe3ab3d69dd\u0026t=1555172977"}],"is_sold_out":0.0},"_openid":"o_DY65E8aZ2TeDtbmWCgbTS4EMIw","all_price":27.0}
{"_id":"f4b905395cf4c0960ade15227c02ffa8","remark":"","skulist":{"sku_base_id":5.0,"image":[{"url":"https://6772-grabstrawberry-dev-b95ff8-1256487689.tcb.qcloud.la/images/product/满杯西柚.jpg?sign=19c8b3b139a06e06a906cb8c5cacd058\u0026t=1555140608"}],"is_sold_out":0.0,"name":"满杯红西柚","price":19.0,"sku_base_desc":"选用以色列进口红西柚，果肉饱满，茶底洋溢茉莉花香，沙冰降低了西柚的苦涩感，更突显茶味（纯鲜果制作，绝不添加任何果汁果酱）"},"status":0.0,"all_price":19.0,"count":1.0,"create_time":"2019-06-03 14:39:17","isMove":0.0,"orderNo":"1559543957768"}
{"_id":"f4b905395cf4c0960ade153573d4fe0b","status":0.0,"all_price":27.0,"count":0.0,"create_time":"2019-06-03 14:39:17","isMove":0.0,"orderNo":"1559543957768","remark":"","skulist":{"image":[{"url":"https://6772-grabstrawberry-dev-b95ff8-1256487689.tcb.qcloud.la/images/product/1.jpg?sign=392044df07f9164647c7c19eb6db427f\u0026t=1555140102"}],"is_sold_out":0.0,"name":"芝士莓莓","price":27.0,"sku_base_desc":"颗颗精选优质自然熟草莓，高品质出品！","sku_base_id":1.0}}
{"_id":"f4b905395cf4c1110ade4b9840ed3dfd","count":4.0,"skulist":{"name":"霸气橙子","price":19.0,"sku_base_desc":"三个澳洲脐橙在杯里，三个澳洲脐橙吃果肉!","sku_base_id":4.0,"image":[{"url":"https://6772-grabstrawberry-dev-b95ff8-1256487689.tcb.qcloud.la/images/product/4.jpg?sign=31e62a8ae385d3128f799392e14323f7\u0026t=1555140510"}],"is_sold_out":0.0},"create_time":"2019-06-03 14:41:20","remark":"","status":1.0,"isMove":0.0,"orderNo":"1559544080852","all_price":76.0,"_openid":"o_DY65E8aZ2TeDtbmWCgbTS4EMIw"}
{"_id":"f4b905395cf4c1220ade5348728785f2","count":1.0,"all_price":27.0,"remark":"","_openid":"o_DY65E8aZ2TeDtbmWCgbTS4EMIw","status":1.0,"orderNo":"1559544098663","isMove":0.0,"skulist":{"price":27.0,"sku_base_desc":"颗颗手剥巨峰葡萄果肉，去皮去籽，纯粹无杂质，搭配绿妍茶底，清香四溢。纯葡萄果肉制作，绝不添加任何果汁、果酱、葡萄罐头等。一口果茶，一口大果肉，超棒！主要原料: 葡萄","sku_base_id":3.0,"image":[{"url":"https://6772-grabstrawberry-dev-b95ff8-1256487689.tcb.qcloud.la/images/product/3.jpg?sign=8cfac13066683ad6caafe3f921ec084b\u0026t=1555140446"}],"is_sold_out":0.0,"name":"芝士多肉葡萄"},"create_time":"2019-06-03 14:41:38"}
{"_id":"face13585d4eed9810eba80b146c163b","create_time":"2019-08-11 00:15:22","all_price":27.0,"isMove":0.0,"count":1.0,"skulist":{"name":"芝士莓莓","price":27.0,"sku_base_desc":"颗颗精选优质自然熟草莓，高品质出品！","sku_base_id":1.0,"image":[{"url":"https://6772-grabstrawberry-dev-b95ff8-1256487689.tcb.qcloud.la/images/product/1.jpg?sign=392044df07f9164647c7c19eb6db427f\u0026t=1555140102"}],"is_sold_out":0.0},"orderNo":"1565453722261","remark":"","status":1.0,"_openid":"o_DY65E8aZ2TeDtbmWCgbTS4EMIw"}
