{"_id":{"$oid":"5cb20fd1875d8ceb45416a44"},"category_id":1,"category_name":"强烈推荐","sku_list":[{"sku_base_id":1,"image":[{"url":"https://6772-grabstrawberry-dev-b95ff8-1256487689.tcb.qcloud.la/images/product/1.jpg?sign=392044df07f9164647c7c19eb6db427f\u0026t=1555140102"}],"is_sold_out":0,"name":"芝士莓莓","price":27,"sku_base_desc":"颗颗精选优质自然熟草莓，高品质出品！"},{"sku_base_id":2,"image":[{"url":"https://6772-grabstrawberry-dev-b95ff8-1256487689.tcb.qcloud.la/images/product/2.jpg?sign=6bf2cad148e4b79d8abbabf6103f869a\u0026t=1555140268"}],"is_sold_out":0,"name":"霸气多肉葡萄","price":27,"sku_base_desc":"颗颗手剥巨峰葡萄果肉，去皮去籽，纯粹无杂质，搭配绿妍茶底，清香四溢。纯葡萄果肉制作，绝不添加任何果汁、果酱、葡萄罐头等。一口果茶，一口大果肉，超棒！"},{"sku_base_id":3,"image":[{"url":"https://6772-grabstrawberry-dev-b95ff8-1256487689.tcb.qcloud.la/images/product/3.jpg?sign=8cfac13066683ad6caafe3f921ec084b\u0026t=1555140446"}],"is_sold_out":0,"name":"芝士多肉葡萄","price":27,"sku_base_desc":"颗颗手剥巨峰葡萄果肉，去皮去籽，纯粹无杂质，搭配绿妍茶底，清香四溢。纯葡萄果肉制作，绝不添加任何果汁、果酱、葡萄罐头等。一口果茶，一口大果肉，超棒！主要原料: 葡萄"},{"sku_base_id":4,"image":[{"url":"https://6772-grabstrawberry-dev-b95ff8-1256487689.tcb.qcloud.la/images/product/4.jpg?sign=31e62a8ae385d3128f799392e14323f7\u0026t=1555140510"}],"is_sold_out":0,"name":"霸气橙子","price":19,"sku_base_desc":"三个澳洲脐橙在杯里，三个澳洲脐橙吃果肉!"},{"sku_base_id":5,"image":[{"url":"https://6772-grabstrawberry-dev-b95ff8-1256487689.tcb.qcloud.la/images/product/满杯西柚.jpg?sign=19c8b3b139a06e06a906cb8c5cacd058\u0026t=1555140608"}],"is_sold_out":0,"name":"满杯红西柚","price":19,"sku_base_desc":"选用以色列进口红西柚，果肉饱满，茶底洋溢茉莉花香，沙冰降低了西柚的苦涩感，更突显茶味（纯鲜果制作，绝不添加任何果汁果酱）"},{"sku_base_id":6,"image":[{"url":"https://6772-grabstrawberry-dev-b95ff8-1256487689.tcb.qcloud.la/images/product/拿铁.jpg?sign=ae8ff23a30d321e29d8ba9a10adc76dd\u0026t=1555140785"}],"is_sold_out":0,"name":"热拿铁","price":25,"sku_base_desc":"感受来自亚平宁半岛的每一口醇香"},{"sku_base_id":7,"image":[{"url":"https://6772-grabstrawberry-dev-b95ff8-1256487689.tcb.qcloud.la/images/product/拿铁.jpg?sign=ae8ff23a30d321e29d8ba9a10adc76dd\u0026t=1555140785"}],"is_sold_out":0,"name":"海苔肉松小贝","price":24,"sku_base_desc":"抓住草莓的海苔肉松小贝，好吃健康！特别放心！一盒4个"}]}
{"_id":{"$oid":"5cb20fd2875d8ceb45416a46"},"category_id":2,"category_name":"当季限定","sku_list":[{"sku_base_id":5,"image":[{"url":"https://6772-grabstrawberry-dev-b95ff8-1256487689.tcb.qcloud.la/images/product/百香金菠萝.jpg?sign=86676fa3bbe71370ee62cfeb469f6e9e\u0026t=1555141304"}],"is_sold_out":0,"name":"百香金菠萝","price":27,"sku_base_desc":"菲律宾进口火山金菠萝与百香果的热情搭配，再加入秘制白茶，整体口感层次丰富，香气高扬~"},{"sku_base_id":6,"image":[{"url":"https://6772-grabstrawberry-dev-b95ff8-1256487689.tcb.qcloud.la/images/product/彩虹酸奶杯.jpg?sign=ece043ebcab48071afa9b2f12293d9e6\u0026t=1555141434"}],"is_sold_out":0,"name":"彩虹酸奶杯","price":35,"sku_base_desc":"丹麦进口牛乳制作酸奶，搭配6种坚果，同时，加入4种优质进口鲜果，美味不停，健康无压力！主要原料: 芒果, 蓝莓"},{"sku_base_id":7,"image":[{"url":"https://6772-grabstrawberry-dev-b95ff8-1256487689.tcb.qcloud.la/images/product/百香芝士芒芒.jpg?sign=84e47f93a2b3d5cec52fdfe3ab3d69dd\u0026t=1555172977"}],"is_sold_out":0,"name":"百香芝士芒芒","price":27,"sku_base_desc":"精选台芒搭配茉莉绿妍茶底，加入新鲜海南优级百香果，好喝！很好喝！"}]}
{"_id":{"$oid":"5cb20fd2875d8ceb45416a49"},"category_id":3,"category_name":"霸气鲜果茶","sku_list":[{"sku_base_id":2,"image":[{"url":"https://6772-grabstrawberry-dev-b95ff8-1256487689.tcb.qcloud.la/images/product/2.jpg?sign=6bf2cad148e4b79d8abbabf6103f869a\u0026t=1555140268"}],"is_sold_out":0,"name":"霸气多肉葡萄","price":27,"sku_base_desc":"颗颗手剥巨峰葡萄果肉，去皮去籽，纯粹无杂质，搭配绿妍茶底，清香四溢。纯葡萄果肉制作，绝不添加任何果汁、果酱、葡萄罐头等。一口果茶，一口大果肉，超棒！"},{"sku_base_id":4,"image":[{"url":"https://6772-grabstrawberry-dev-b95ff8-1256487689.tcb.qcloud.la/images/product/4.jpg?sign=31e62a8ae385d3128f799392e14323f7\u0026t=1555140510"}],"is_sold_out":0,"name":"霸气橙子","price":19,"sku_base_desc":"三个澳洲脐橙在杯里，三个澳洲脐橙吃果肉"},{"sku_base_id":8,"image":[{"url":"https://6772-grabstrawberry-dev-b95ff8-1256487689.tcb.qcloud.la/images/product/霸气奇异果.jpg?sign=a918022c1d37001072838ea2c690c127\u0026t=1555157101"}],"is_sold_out":0,"name":"霸气奇异果","price":27,"sku_base_desc":"贵贵的新西兰佳沛金果，满满的维C......（纯鲜果制作，绝不添加任何果汁果酱）"}]}
{"_id":{"$oid":"5cb20fd2875d8ceb45416a4b"},"category_id":4,"category_name":"黑糖家族","sku_list":[{"sku_base_id":9,"image":[{"url":"https://6772-grabstrawberry-dev-b95ff8-1256487689.tcb.qcloud.la/images/product/黑糖粉圆淡奶.jpg?sign=fe33522fb67e6feba8132f678b4b716f\u0026t=1555157564"}],"is_sold_out":0,"name":"黑糖粉圆淡奶","price":22,"sku_base_desc":"100%德国纯鲜奶+数小时焖煮木薯粉圆+台湾古早黑糖拼配成黄金比例"},{"sku_base_id":10,"image":[{"url":"https://6772-grabstrawberry-dev-b95ff8-1256487689.tcb.qcloud.la/images/product/黑糖粉圆淡奶.jpg?sign=fe33522fb67e6feba8132f678b4b716f\u0026t=1555157564"}],"is_sold_out":0,"name":"黑糖粉圆抹茶","price":27,"sku_base_desc":"日本原装进口丸久小山园五十铃抹茶+数小时焖煮木薯粉圆+台湾古早黑糖拼配成黄金比例"},{"sku_base_id":11,"image":[{"url":"https://6772-grabstrawberry-dev-b95ff8-1256487689.tcb.qcloud.la/images/product/黑糖粉圆淡奶.jpg?sign=fe33522fb67e6feba8132f678b4b716f\u0026t=1555157564"}],"is_sold_out":0,"name":"黑糖粉圆可可","price":22,"sku_base_desc":"美国好时可可+数小时焖煮木薯粉圆+台湾古早黑糖拼配成黄金比例"}]}
{"_id":{"$oid":"5cb20fd2875d8ceb45416a4d"},"category_id":5,"category_name":"满杯鲜果茶","sku_list":[{"sku_base_id":12,"image":[{"url":"https://6772-grabstrawberry-dev-b95ff8-1256487689.tcb.qcloud.la/images/product/百香金菠萝.jpg?sign=a251f644010eeb99cac0d35c82447800\u0026t=1555159891"}],"is_sold_out":0,"name":"满杯金菠萝","price":25,"sku_base_desc":"精选进口都乐火山金菠萝，纯鲜果制作，搭配秘制白茶，果香茶韵，满口清新。（纯鲜果制作，绝不添加任何果汁果酱）"},{"sku_base_id":13,"image":[{"url":"https://6772-grabstrawberry-dev-b95ff8-1256487689.tcb.qcloud.la/images/product/满杯百香果.jpg?sign=558b25969630fe08ce0faf17278f5b1b\u0026t=1555160246"}],"is_sold_out":0,"name":"满杯百香果","price":19,"sku_base_desc":"700mL－来自3113KM【海南三亚】的百香果陪你过夏天！"},{"sku_base_id":5,"image":[{"url":"https://6772-grabstrawberry-dev-b95ff8-1256487689.tcb.qcloud.la/images/product/满杯西柚.jpg?sign=19c8b3b139a06e06a906cb8c5cacd058\u0026t=1555140608"}],"is_sold_out":0,"name":"满杯红西柚","price":19,"sku_base_desc":"选用以色列进口红西柚，果肉饱满，茶底洋溢茉莉花香，沙冰降低了西柚的苦涩感，更突显茶味（纯鲜果制作，绝不添加任何果汁果酱）"},{"sku_base_id":14,"image":[{"url":"https://6772-grabstrawberry-dev-b95ff8-1256487689.tcb.qcloud.la/images/product/满杯柠檬bao.jpg?sign=11efe414a103f303d01d69f4faa86f08\u0026t=1555160429"}],"is_sold_out":0,"name":"满杯柠檬爆","price":19,"sku_base_desc":"用新奇士柠檬炸开你的味蕾"}]}
{"_id":{"$oid":"5cb20fd2875d8ceb45416a4f"},"category_id":6,"category_name":"手冲奶茶","sku_list":[{"sku_base_id":15,"image":[{"url":"https://6772-grabstrawberry-dev-b95ff8-1256487689.tcb.qcloud.la/images/product/古琢奶茶.jpg?sign=0525ea09bdaf0beaf3dcc97ba3155023\u0026t=1555165815"}],"is_sold_out":0,"name":"古琢奶茶","price":18,"sku_base_desc":"黑白淡奶，醇香融进秘制红茶里，别有一番滋味。"},{"sku_base_id":16,"image":[{"url":"https://6772-grabstrawberry-dev-b95ff8-1256487689.tcb.qcloud.la/images/product/古琢柠茶.jpg?sign=38d53c32d55eec44887b16e508b154f3\u0026t=1555165924"}],"is_sold_out":0,"name":"古琢柠茶","price":19,"sku_base_desc":"这颗sunkist的清新酸爽在斯里兰卡的柔顺明亮中完全释放，不倾心都不行....."},{"sku_base_id":17,"image":[{"url":"https://6772-grabstrawberry-dev-b95ff8-1256487689.tcb.qcloud.la/images/product/古琢鸳鸯.jpg?sign=8808955441c94c11c41ef50aafe1f778\u0026t=1555166055"}],"is_sold_out":0,"name":"古琢鸳鸯","price":22,"sku_base_desc":"当illy遇到奶茶的香滑"}]}
{"_id":{"$oid":"5cb20fd2875d8ceb45416a51"},"category_id":7,"category_name":"芝士家族","sku_list":[{"sku_base_id":3,"image":[{"url":"https://6772-grabstrawberry-dev-b95ff8-1256487689.tcb.qcloud.la/images/product/3.jpg?sign=8cfac13066683ad6caafe3f921ec084b\u0026t=1555140446"}],"is_sold_out":0,"name":"芝士多肉葡萄","price":27,"sku_base_desc":"颗颗手剥巨峰葡萄果肉，去皮去籽，纯粹无杂质，搭配绿妍茶底，清香四溢。纯葡萄果肉制作，绝不添加任何果汁、果酱、葡萄罐头等。一口果茶，一口大果肉，超棒！主要原料: 葡萄"},{"sku_base_id":1,"image":[{"url":"https://6772-grabstrawberry-dev-b95ff8-1256487689.tcb.qcloud.la/images/product/1.jpg?sign=392044df07f9164647c7c19eb6db427f\u0026t=1555140102"}],"is_sold_out":0,"name":"芝士莓莓","price":27,"sku_base_desc":"颗颗精选优质自然熟草莓，高品质出品！"},{"sku_base_id":18,"image":[{"url":"https://6772-grabstrawberry-dev-b95ff8-1256487689.tcb.qcloud.la/images/product/芝士芒芒.jpg?sign=6affeef847882db16e7dfa3f2184fbd6\u0026t=1555166513"}],"is_sold_out":0,"name":"芝士芒芒","price":25,"sku_base_desc":"选用当季海南纸核芒果新鲜现榨，搭配绿妍茶底，清新丰盈，每日新鲜供应。（纯鲜果制作，绝不添加任何果汁果酱）"}]}
{"_id":{"$oid":"5cb20fd2875d8ceb45416a53"},"category_id":8,"category_name":"illy咖啡","sku_list":[{"sku_base_id":19,"image":[{"url":"https://6772-grabstrawberry-dev-b95ff8-1256487689.tcb.qcloud.la/images/product/热美式.jpg?sign=7b4af00e10790fc1a0ea2b88c25fc80d\u0026t=1555166946"}],"is_sold_out":0,"name":"热美式","price":20,"sku_base_desc":"精选意大利国宝级咖啡"},{"sku_base_id":20,"image":[{"url":"https://6772-grabstrawberry-dev-b95ff8-1256487689.tcb.qcloud.la/images/product/冰美式.jpg?sign=03097053cc7734c2d238392572c210e5\u0026t=1555167045"}],"is_sold_out":0,"name":"冰美式","price":20,"sku_base_desc":"精选意大利国宝级咖啡"},{"sku_base_id":6,"image":[{"url":"https://6772-grabstrawberry-dev-b95ff8-1256487689.tcb.qcloud.la/images/product/拿铁.jpg?sign=ae8ff23a30d321e29d8ba9a10adc76dd\u0026t=1555140785"}],"is_sold_out":0,"name":"热拿铁","price":25,"sku_base_desc":"感受来自亚平宁半岛的每一口醇香"},{"sku_base_id":20,"image":[{"url":"https://6772-grabstrawberry-dev-b95ff8-1256487689.tcb.qcloud.la/images/product/冰拿铁.jpg?sign=126d049d0d98653a1dedfb5601129792\u0026t=1555167242"}],"is_sold_out":0,"name":"冰拿铁","price":25,"sku_base_desc":"感受来自亚平宁半岛的每一口醇香"}]}
{"_id":{"$oid":"5cb20fd2875d8ceb45416a55"},"category_id":9,"category_name":"精品酒单","sku_list":[{"sku_base_id":21,"image":[{"url":"https://6772-grabstrawberry-dev-b95ff8-1256487689.tcb.qcloud.la/images/product/金汤力.jpg?sign=7cf25b500573ac9c24b61da06ed97004\u0026t=1555167713"}],"is_sold_out":0,"name":"金汤力","price":30,"sku_base_desc":"哥顿.金 Gordon's + 汤力 Tonic主要原料: 洋酒"},{"sku_base_id":22,"image":[{"url":"https://6772-grabstrawberry-dev-b95ff8-1256487689.tcb.qcloud.la/images/product/莫吉托.jpg?sign=c3e3f0a729f95dbcf83b9736547cb348\u0026t=1555167732"}],"is_sold_out":0,"name":"莫吉托","price":30,"sku_base_desc":"朗姆 Rum + 青柠 Lime......主要原料: 洋酒"},{"sku_base_id":23,"image":[{"url":"https://6772-grabstrawberry-dev-b95ff8-1256487689.tcb.qcloud.la/images/product/酿酒狗.jpg?sign=9c7bbfcd544f82b5c8664613be9a7c01\u0026t=1555167763"}],"is_sold_out":0,"name":"精酿狗","price":28,"sku_base_desc":"精酿狗是来自英国的精酿啤酒品牌。2007年，创始人Janmous和Martin因为厌倦工业啤酒，开始在车库自制精酿啤酒。三年后，精酿狗开始主宰英国精酿啤酒市场，并逐步拓展海外多个国家，产品不断标新立异，花样百出，备受年轻人的追捧。"}]}
